{
	"class_name" : "PinholeCameraParameters",
	"extrinsic" : 
	[
		1.0,
		-0.0,
		-0.0,
		0.0,
		0.0,
		-1.0,
		-0.0,
		0.0,
		0.0,
		-0.0,
		-1.0,
		0.0,
		0.060031890869140625,
		-5.4223995208740234,
		184.84069939814466,
		1.0
	],
	"intrinsic" : 
	{
		"height" : 1072,
		"intrinsic_matrix" : 
		[
			928.37923285691829,
			0.0,
			0.0,
			0.0,
			928.37923285691829,
			0.0,
			1238.0,
			535.5,
			1.0
		],
		"width" : 2477
	},
	"version_major" : 1,
	"version_minor" : 0
}