{
	"class_name" : "PinholeCameraParameters",
	"extrinsic" : 
	[
		0.20044285573601661,
		-0.19691344851282974,
		-0.95971232949211183,
		0.0,
		0.14870927248381022,
		0.97435727205951805,
		-0.16885928657337818,
		0.0,
		0.96835335175839943,
		-0.10887148469420035,
		0.22458580978938583,
		0.0,
		-8.3072915669933778,
		1.2705636176340971,
		8.7172748930692947,
		1.0
	],
	"intrinsic" : 
	{
		"height" : 1080,
		"intrinsic_matrix" : 
		[
			935.30743608719376,
			0.0,
			0.0,
			0.0,
			935.30743608719376,
			0.0,
			959.5,
			539.5,
			1.0
		],
		"width" : 1920
	},
	"version_major" : 1,
	"version_minor" : 0
}